,Sl. No.,Depot,Route No.,From,To,Route Length,Type,No.of Service,Departure Timings,Fare
0,1,SHN,192UD,ALANKULAM,CHENNAI,657,ULTRA,1,17.45,251
1,2,TRY,127UD,ANNAVASAL,CHENNAI,384,ULTRA,1,21.3,108
2,3,CBE,479UD,ARANI,COIMBATORE,394,ULTRA,1,21,337
3,4,CB,131UD,ARANTHANGI,CHENNAI,417,ULTRA,1,20.3,457
4,5,KKDI,126AU,ARIMALAM,CHENNAI,403,ULTRA,1,19.15,554
5,6,TCN,170AU,ARUPPUKOTTAI,CHENNAI,511,ULTRA,2,"19.00,20.00",836
6,7,PDY,145UD,AVUDAIYAR KOIL,CHENNAI,431,ULTRA,1,20,143
7,8,CC,965UD,AVUDAIYAR KOIL,TIRUPATHI,494,ULTRA,1,19,661
8,9,DGL,875BU,BANGALORE,BODI,481,ULTRA,1,20.15,323
9,10,CC,628UD,BANGALORE,CHENNAI (Via Chittoor),361,ULTRA,5,"07.30,08.00,10.30,22.30,23.00",829
10,11,HSR,831UD,BANGALORE,CHENNAI (Via Vellore),360,ULTRA,39,"04.30,05.00,05.30,07.00,07.30, 09.00,09.30,10.00,10.15,10.45, 11.30,13.00,14.30,16.00,16.30, 17.00,18.30,19.00,19.15,19.30, 20.00,20.15,20.30,20.45,21.00, 21.15,21.25,21.30,21.35,21.45, 22.01,22.15,22.30,22.45,22.50, 23.01,23.15,23.30,23.45",863
11,12,CC,843CU,BANGALORE,CHIDAMBARAM,377,ULTRA,1,22.15,140
12,13,CBE,838UD,BANGALORE,COIMBATORE,377,ULTRA,8,"08.30,09.00,10.00,20.30,21.15, 22.00,22.30,22.45,",314
13,14,MDU,875UD,BANGALORE,CUMBAM,503,ULTRA,1,19.45,501
14,15,CC,834UD,BANGALORE,KALPAKKAM,349,ULTRA,1,21.3,704
15,16,KKD,888UD,BANGALORE,KANYAKUMARI,720,ULTRA,2,"14.00,18.45",660
16,17,KKDI,857UD,BANGALORE,KARAIKUDI,449,ULTRA,1,20,279
17,18,KKM,843TU,BANGALORE,KUMBAKONAM,467,ULTRA,1,19.3,718
18,19,KKM,844UD,BANGALORE,KUMBAKONAM,438,ULTRA,2,"19.45,20.15",806
19,20,MDU,846UD,BANGALORE,MADURAI,461,ULTRA,7,"07.15,19.30,20.00,20.30,21.30, 22.00,22.30,",671
20,21,MAR,892UD,BANGALORE,MARTHANDAM,741,ULTRA,2,"15.00,19.15",444
21,22,TNJ,843UD,BANGALORE,MYLADUTHURAI,427,ULTRA,1,21,465
22,23,NGL,887UD,BANGALORE,NAGERCOIL,700,ULTRA,2,"16.00,17.30",557
23,24,MDU,879UD,BANGALORE,PALANI,410,ULTRA,2,"19.15,2015",422
24,25,CBE,854UD,BANGALORE,POLLACHI,397,ULTRA,1,20,152
25,26,PDY,622UD,BANGALORE,PUDUCHERRY,341,ULTRA,3,"10.30,21.05,21.30",210
26,27,PDY,623UD,BANGALORE,PUDUCHERRY,365,ULTRA,1,20.3,216
27,28,MDU,886UD,BANGALORE,RAMESWARAM,602,ULTRA,1,19.15,275
28,29,SLM,CUT,BANGALORE,SALEM,208,ULTRA,9,"06.30,06.45,10.00,11.30,20.15, 20.45,22.00,22.15,22.30",994
29,30,TNVB,882UD,BANGALORE,SANKARANKOIL,590,ULTRA,1,17.15,796
30,31,SHN,881UD,BANGALORE,SHENCOTTAH,633,ULTRA,1,16.3,539
31,32,CC,831TU,BANGALORE,TAMBARAM,351,ULTRA,1,22.3,846
32,33,TNJ,855UD,BANGALORE,THANJAVUR,412,ULTRA,2,"21.00,21.30",626
33,34,DGL,875T/,BANGALORE,THENI,466,ULTRA,1,19,901
34,35,TNVA,871UD,BANGALORE,TIRUCHENDUR,643,ULTRA,1,17,819
35,36,KKM,865UD,BANGALORE,TIRUNALLAR,516,ULTRA,1,17.46,554
36,37,SHN,874UD,BANGALORE,TIRUNELVELI,624,ULTRA,4,"15.30,16.45,18.00,20.00",587
37,38,TRY,827UD,BANGALORE,TRICHY,352,ULTRA,19,"06.00,06.30,07.30,08.15,09.15, 10.30,12.00,12.30,19.00,19.45, 20.15,21.15,21.45,22.00,22.15, 22.35,22.45,23.00,23.30",922
38,39,TRY,827BU,BANGALORE,TRICHY-BHEL,369,ULTRA,1,20.3,457
39,40,TVM,687UD,BANGALORE,TRIVANDRUM,770,ULTRA,1,14.3,229
40,41,TCN,872UD,BANGALORE,TUTICORIN,603,ULTRA,1,18.3,519
41,42,NGP,864UD,BANGALORE,VELANKANNI,514,ULTRA,4,"17.15,19.00,19.30,21.00",487
42,43,DGL,875BU,BODI,BANGALORE,481,ULTRA,1,18.3,259
43,44,DGL,163UD,BODI,CHENNAI,524,ULTRA,2,"17.30,18.30",389
44,45,CB,768UD,CHENGANACHERRY,CHENNAI,700,ULTRA,1,15,590
45,46,TCN,702UD,CHENGANACHERRY,TUTICORIN,265,ULTRA,2,"08.30,21.30",355
46,47,SHN,192UD,CHENNAI,ALANKULAM,657,ULTRA,1,17.4,916
47,48,TRY,127UD,CHENNAI,ANNAVASAL,384,ULTRA,1,22,353
48,49,CB,131UD,CHENNAI,ARANTHANGI,417,ULTRA,1,20.3,192
49,50,KKDI,126AU,CHENNAI,ARIMALAM,403,ULTRA,1,20.3,648
50,51,TCN,170AU,CHENNAI,ARUPPUKOTTAI,511,ULTRA,2,"19.15,19.45 ",485
51,52,PDY,145UD,CHENNAI,AVUDAIYAR KOIL,431,ULTRA,1,21.15,165
52,53,CC,628UD,CHENNAI,BANGALORE (Via-Chittoor),361,ULTRA,5,"09.30,10.30,13.30,22.00,22.30",351
53,54,CC,831UD,CHENNAI,BANGALORE(Via-Hosur),360,ULTRA,39,"05.30,06.00,06.15,06.30,07.00, 07.15,07.30,08.00,08.15,08.30, 09.00,09.30,09.45,10.00,10.15, 10.30,10.45,11.00,11.15,11.35, 12.01,12.30,12.45,13.00,14.00, 14.30,15.00,19.45,20.30,20.45, 21.00,21.15,21.30,21.35,21.45, 22.15,22.45,23.15,23.15",664
54,55,DGL,163UD,CHENNAI,BODI,524,ULTRA,2,"18.30,20.15",416
55,56,CB,768UD,CHENNAI,CHENGANACHERRY,700,ULTRA,1,15,832
56,57,PDY,300UD,CHENNAI,CHIDAMBARAM,247,ULTRA,3,"13.30,16.00,22.00",991
57,58,CBE,460AC,CHENNAI,COIMBATORE,510,A/C,2,"21.00,22.00",220
58,59,CBE,460UD,CHENNAI,COIMBATORE,510,ULTRA,10,"17.00,18.30,19.30,20.15,20.45, 21.00,21.15 ,21.45,22.15,22.30",904
59,60,CB,164UD,CHENNAI,CUMBAM,546,ULTRA,5,"18.00,19.00,20.00,21.00,22.00",448
60,61,PDY,136UD,CHENNAI,DEVAKOTTAI,444,ULTRA,1,20.05,915
61,62,DGL,435UD,CHENNAI,DHARAPURAM,463,ULTRA,1,19,717
62,63,CC,420AC,CHENNAI,DHARMAPURI,328,A/C,2,"13.15,22.00",763
63,64,DGL,132UD,CHENNAI,DINDIGUL,428,ULTRA,5,"09.00,19.30,20.45,21.15,21.35",274
64,65,CB,791UD,CHENNAI,ERNAKULAM,712,ULTRA,1,15.05,942
65,66,CB,430AC,CHENNAI,ERODE,427,A/C,1,21.3,768
66,67,CBE,430UD,CHENNAI,ERODE,407,ULTRA,1,21.15,568
67,68,CB,169UD,CHENNAI,ERUVADI,573,ULTRA,1,19.1,103
68,69,TNJ,126GU,CHENNAI,GANDARVAKOTTAI,417,ULTRA,1,20.45,815
69,70,CA,432UD,CHENNAI,GOBI,449,ULTRA,1,19,199
70,71,CB,465UD,CHENNAI,GUDALORE (OOTY),616,ULTRA,1,16.3,683
71,72,CB,785UD,CHENNAI,GURUVAYUR,663,ULTRA,1,15.45,599
72,73,HSR,421UD,CHENNAI,HOSUR,318,ULTRA,11,"10.00,11.00,12.00,14.00,15.00, 20.35,21.35,21.55,22.30,22.55, 23.25",566
73,74,CB,199UD,CHENNAI,IDAYANKUDI,705,ULTRA,1,16.3,864
74,75,TRY,121UD,CHENNAI,ILUPPUR,371,ULTRA,1,22.3,943
75,76,CBE,471UD,CHENNAI,KALPAKKAM,89,ULTRA,1,17,971
76,77,CC,834UD,CHENNAI,KALPAKKAM,89,ULTRA,1,16.3,321
77,78,CB,175UD,CHENNAI,KAMUDHI,527,ULTRA,1,18.15,244
78,79,KKD,282UD,CHENNAI,KANYAKUMARI,718,ULTRA,5,"13.30,16.45,18.45,19.30,21.00",899
79,80,KKDI,133UD,CHENNAI,KARAIKUDI,428,ULTRA,7,"07.15,08.15,19.30,20.00,20.30, 21.00,21.30",372
80,81,MAR,298UD,CHENNAI,KARUNGAL,727,ULTRA,1,15,962
81,82,CA,429AC,CHENNAI,KARUR,385,A/C,1,20.45,149
82,83,PDY,144UD,CHENNAI,KEERAMANGALAM,429,ULTRA,1,21.45,161
83,84,CB,165UD,CHENNAI,KEEZHAKARAI,541,ULTRA,2,"19.00,20.45",220
84,85,DGL,461UD,CHENNAI,KODAIKANAL,525,ULTRA,1,17,331
85,86,MAR,280UD,CHENNAI,KOLLENCODE,755,ULTRA,1,16.3,250
86,87,CC,781UD,CHENNAI,KOTTARAKARA,700,ULTRA,1,15,264
87,88,MAR,287UD,CHENNAI,KULASEKARAM,734,ULTRA,1,17.45,948
88,89,TCN,193TU,CHENNAI,KULASEKARAPATTINAM,667,ULTRA,1,17.3,568
89,90,TRY,126TU,CHENNAI,KULATHUR,362,ULTRA,1,21.05,787
90,91,KKM,303UD,CHENNAI,KUMBAKONAM,307,ULTRA,18,"01.30,06.30,08.30,09.15,10.30, 11.00,12.05,12.30,13.00,13.50, 14.05,15.15,15.45,20.00,20.45, 22.01,22.35,23.00",419
91,92,KKM,307UD,CHENNAI,KUMBAKONAM,327,ULTRA,13,"05.45,07.00,07.30,08.00,09.00, 09.30,10.45,16.45,20.00,21.05, 21.30,22.15,23.15",383
92,93,CB,172UD,CHENNAI,KUMILI,570,ULTRA,1,17.3,609
93,94,CB,189UD,CHENNAI,KUTTAM,706,ULTRA,1,16,724
94,95,MDU,137AC,CHENNAI,MADURAI,459,A/C,3,"09.00,21.00,21.30",268
95,96,MDU,137UD,CHENNAI,MADURAI,459,ULTRA,36,"00.30,04.00,05.30,06.15,07.30, 07.45,08.00,08.30,09.30,10.00, 10.30,10.45,11.30,13.00,18.15, 18.45,19.00,19.15,19.30,20.15, 20.30,20.35,20.45,21.15,21.30, 21.45,21.50,22.00,22.15,22.30, 22.45,22.50,23.00,23.15,23.30, 23.45",930
96,97,PDY,148UD,CHENNAI,MANALMELKUDI,456,ULTRA,1,22,394
97,98,CA,322UD,CHENNAI,MANNARKUDI,346,ULTRA,2,"10.00,20.45",652
98,99,MAR,284UD,CHENNAI,MARTHANDAM,728,ULTRA,8,"13.00,14.15,15.30,15.45,17.15, 19.30,19.30,20.15,",258
99,100,MAR,296UD,CHENNAI,MARTHANDAM,739,ULTRA,1,14.45,485
100,101,KKDI,155UD,CHENNAI,TONDI Via Mimisal,479,ULTRA,1,20.15,253
101,102,CBE,462UD,CHENNAI,METTUPALAYAM,547,ULTRA,1,18,721
102,103,PDY,304UD,CHENNAI,MYLADUTHURAI,287,ULTRA,4,"13.15,14.30 ,23.00,23.30",788
103,104,NGP,326UD,CHENNAI,NAGAPATTINAM,353,ULTRA,8,"08.30,09.00,10.15,19.30, 21.15, 22.00,23.00,23.30",463
104,105,NGL,198AC,CHENNAI,NAGERCOIL,698,A/C,1,18,483
105,106,NGL,198UD,CHENNAI,NAGERCOIL,698,ULTRA,16,"13.45,14.15,15.35,16.15,17.00, 17.50,18.15,18.30,19.00,19.15, 20.00,20.45,21.15,21.30,21.45, 23.00 ",377
106,107,PDY,146UD,CHENNAI,NAKUDI,429,ULTRA,1,21.3,620
107,108,CA,425AC,CHENNAI,NAMAKKAL,396,A/C,1,21.15,710
108,109,MDU,135UD,CHENNAI,NATHAM,423,ULTRA,1,20,142
109,110,CB,468TU,CHENNAI,OOTY,601,ULTRA,1,17.45,428
110,111,CB,468UD,CHENNAI,OOTY,562,ULTRA,1,19.15,478
111,112,TCN,174UD,CHENNAI,OPPILAN,565,ULTRA,1,17.3,412
112,113,DGL,463UD,CHENNAI,PALANI,486,ULTRA,1,20.15,624
113,114,CB,466UD,CHENNAI,PALANI,486,ULTRA,1,19.3,660
114,115,CA,433UD,CHENNAI,PALLAPATTI,417,ULTRA,1,20.15,780
115,116,TNVB,190UD,CHENNAI,TNV (PAPANASAM),670,ULTRA,3,"17.10,18.20,20.10",602
116,117,CA,161UD,CHENNAI,PARAMAKUDI,510,ULTRA,2,"20.15,21.00",171
117,118,CC,789UD,CHENNAI,PATHANAMTHITTA,721,ULTRA,1,16,764
118,119,CA,332UD,CHENNAI,PATTUKOTTAI,381,ULTRA,3,"08.45,19.45,22.00",790
119,120,SHN,176UD,CHENNAI,PERAIYUR,514,ULTRA,1,18.3,165
120,121,DGL,163AU,CHENNAI,PERIYAKULAM,491,ULTRA,1,20.3,702
121,122,CB,156UD,CHENNAI,PERIYAPATTINAM,540,ULTRA,1,18.45,630
122,123,CBE,464UD,CHENNAI,POLLACHI,541,ULTRA,1,18,760
123,124,CA,140UD,CHENNAI,PONNAMARAVATHY,425,ULTRA,2,"19.30,20.45",207
124,125,PDY,803UD,CHENNAI,PUDUCHERRY,173,ULTRA,20,"04.00,04.30,05.00,05.15,05.30, 05.45,06.00,06.05,06.15,06.20, 06.30,06.45,07.00,07.30,08.30, 13.00,13.45,14.00,14.45,17.00",260
125,126,KKDI,126UD,CHENNAI,PUDUKKOTTAI,382,ULTRA,1,21.15,663
126,127,CB,126AC,CHENNAI,PUDUKOTTAI,382,A/C,1,22,200
127,128,TRY,338UD,CHENNAI,PULLAMBADI,332,ULTRA,1,22,870
128,129,CB,159UD,CHENNAI,RAMESWARAM,582,ULTRA,1,17,131
129,130,CB,166AC,CHENNAI,RAMESWARAM,581,A/C,1,18.3,341
130,131,CB,166UD,CHENNAI,RAMESWARAM,581,ULTRA,1,17.45,604
131,132,CB,158UD,CHENNAI,RAMNAD,523,ULTRA,1,16,549
132,133,SLM,422AC,CHENNAI,SALEM,341,A/C,2,"13.00,23.00",972
133,134,SLM,422UD,CHENNAI,SALEM,341,ULTRA,20,"05.00,06.30,08.00,08.45,09.30, 10.20,10.50,11.15,12.00,12.30, 20.00,20.35,21.00,21.35,22.00, 22.10,22.35,23.00,23.30 ,23.45",821
134,135,TNVB,187UD,CHENNAI,SANKARANKOIL,577,ULTRA,2,"17.00,19.00",472
135,136,TNVA,199TU,CHENNAI,SATTAN KULAM,680,ULTRA,1,18,747
136,137,TCN,167UD,CHENNAI,SAYALKUDI,561,ULTRA,1,18.3,244
137,138,SHN,184UD,CHENNAI,SHENCOTTAH,631,ULTRA,9,"16.30,17.30,18.00,18.30,19.15, 19.45, 20.00,20.30,21.00,",785
138,139,CC,162AC,CHENNAI,SIVAGANGAI,463,A/C,1,21.15,689
139,140,CC,162UD,CHENNAI,SIVAGANGAI,463,ULTRA,1,19.45,398
140,141,SHN,185UD,CHENNAI,SIVAKASI,537,ULTRA,1,18.5,206
141,142,TRY,123CL,CHENNAI,SRIRANGAM,331,ULTRA,2,"09.00,22.00",424
142,143,SHN,186UD,CHENNAI,SRIVILLIPUTHUR,537,ULTRA,1,19.3,998
143,144,CC,323AC,CHENNAI,THANJAVUR,391,A/C,2,"11.30,22.00",288
144,145,TNJ,323UD,CHENNAI,THANJAVUR,351,ULTRA,18,"05.30,08.15,09.00,10.00,12.45, 13.30,14.15,17.30,20.00,20.15, 20.30,21.15 ,21.30,21.45,22.00 , 22.15,22.30,23.30",874
145,146,CC,160AC,CHENNAI,THENI,546,A/C,1,21.15,642
146,147,DGL,160UD,CHENNAI,THENI,507,ULTRA,2,"17.00,19.15",612
147,148,TNVB,194UD,CHENNAI,THYSAYANVILAI,682,ULTRA,1,17.25,137
148,149,TCN,191UD,CHENNAI,TIRUCHENDUR,641,ULTRA,6,"15.00,16.25,17.15,18.30,20.00, 20.30",353
149,150,MDU,179UD,CHENNAI,TIRUMANGALAM,483,ULTRA,1,19.45,895
150,151,KKDI,134UD,CHENNAI,TIRUMAYAM,403,ULTRA,1,21,223
151,152,CB,330UD,CHENNAI,TIRUNALLAR,310,ULTRA,2,"09.30,21.00",406
152,153,TNVB,180AC,CHENNAI,TIRUNELVELI,622,A/C,1,19,529
153,154,TNVA,180UD,CHENNAI,TIRUNELVELI,622,ULTRA,14,"17.50,18.10,18.30,18.45,19.00, 19.20,19.35,19.50,20.00,20.30, 20.45,21.00",799
154,155,TNVA,182AC,CHENNAI,TIRUNELVELI,622,A/C,1,19.45,746
155,156,KKDI,911UD,CHENNAI,TIRUPATHI,160,ULTRA,4,"06.00,06.30,15.30,16.00 ",324
156,157,KKDI,138UD,CHENNAI,TIRUPATHURRMD,437,ULTRA,1,19.05,738
157,158,CB,470AC,CHENNAI,TIRUPPUR,467,A/C,1,21,728
158,159,CB,470UD,CHENNAI,TIRUPPUR,467,ULTRA,2,"20.45,22.45",963
159,160,CA,340UD,CHENNAI,TIRUTHURAIPOOND,356,ULTRA,2,"09.00,20.31",589
160,161,CA,325AC,CHENNAI,TIRUVARUR,327,A/C,2,"10.10,21.30",483
161,162,TRY,123AC,CHENNAI,TRICHY,331,A/C,4,"10.00,11.00 ,22.30,22.45 ",195
162,163,TRY,123UD,CHENNAI,TRICHY,331,ULTRA,31,"03.00,04.00,04.30,06.00,06.15, 06.30,06.45,07.00,07.30,07.45, 08.00,08.45,09.15,09.30,09.45, 10.30,10.45,17.00,18.00,20.30, 21.25,21.45,22.10,22.16,22.20, 22.30,22.45,23.05,23.20,23.25 , 23.30",184
163,164,CC,787UD,CHENNAI,TRISSUR,629,ULTRA,1,17.3,617
164,165,TVM,794UD,CHENNAI,TRIVANDRUM,768,ULTRA,11,"09.30,10.30,11.30,12.30,13.30, 14.30,15.15,16.45,17.30,18.30, 20.30,",875
165,166,TCN,166TU,CHENNAI,TUTICORIN,690,ULTRA,1,15,152
166,167,TCN,170AC,CHENNAI,TUTICORIN,601,A/C,1,19.3,804
167,168,TCN,170UD,CHENNAI,TUTICORIN,601,ULTRA,8,"16.00,17.00,18.00,19.30,20.00, 20.30,21.45,22.15",820
168,169,TCN,171UD,CHENNAI,TUTICORIN,606,ULTRA,2,"18.45,23.00 ",801
169,170,CB,469UD,CHENNAI,UDUMALPET,522,ULTRA,1,18.45,438
170,171,MDU,157UD,CHENNAI,USILAMPATTI,505,ULTRA,2,"20.00,20.30",906
171,172,NGP,335UD,CHENNAI,VEDARANYAM,374,ULTRA,6,"07.45,08.15,09.00,19.45,20.45, 21.00",670
172,173,DGL,151UD,CHENNAI,VEDASANDUR,446,ULTRA,1,21.3,227
173,174,NGP,324AC,CHENNAI,VELANKANNI,338,A/C,2,"11.00,22.30",841
174,175,NGP,324UD,CHENNAI,VELANKANNI,338,ULTRA,18,"05.45,06.30,07.45,08.15,08.45, 09.45,10.30,11.30,17.30,19.30 , 20.00,20.30,21.00,21.30,22.00, 22.15,22.30,22.45,",326
175,176,TNVA,182UD,CHENNAI,VIRUDHUNAGAR,510,ULTRA,1,17.3,723
176,177,KKD,282TU,CHENNAI (TVTR),KANYAKUMARI,740,ULTRA,1,16.3,884
177,178,PDY,308UD,CHENNAI (TVTR),POOMBUHAR,299,ULTRA,1,21,153
178,179,PDY,803UD,CHENNAI (TVTR),PUDUCHERRY,195,ULTRA,1,5,963
179,180,TCN,191TU,CHENNAI (TVTR),TIRUCHENDUR,676,ULTRA,1,17.3,388
180,181,PDY,324TU,CHENNAI (TVTR),VELANKANNI,360,ULTRA,1,20.15,917
181,182,CC,843CU,CHIDAMBARAM,BANGALORE,377,ULTRA,1,20,408
182,183,PDY,300UD,CHIDAMBARAM,CHENNAI,247,ULTRA,3,"04.00,22.00,22.30",516
183,184,CBE,479UD,COIMBATORE,ARANI-TIRUPATHI,536,ULTRA,1,21,718
184,185,MDU,838TU,COIMBATORE,BANGALORE,377,ULTRA,2,"22.15,22.15 ",125
185,186,CBE,838UD,COIMBATORE,BANGALORE,377,ULTRA,8,"09.00,09.30,10.00,20.30,21.15, 22.00,22.30,22.45",247
186,187,CBE,460AC,COIMBATORE,CHENNAI,510,A/C,2,"21.00,22.00",554
187,188,CBE,460UD,COIMBATORE,CHENNAI,510,ULTRA,10,"17.30,18.30,19.30,20.00,20.30, 21.05,21.15,21.30,22.00,22.30",437
188,189,CBE,471UD,COIMBATORE,CHENNAI,510,ULTRA,1,18,623
189,190,CBE,603UD,COIMBATORE,DEVAKOTTAI,288,ULTRA,2,"09.30,22.30",604
190,191,CBE,662UD,COIMBATORE,KUTTAM,472,ULTRA,1,20.15,497
191,192,MAR,664CU,COIMBATORE,MARTHANDAM,497,ULTRA,1,19.45,486
192,193,NGL,664TU,COIMBATORE,NAGERCOIL,367,ULTRA,2,"19.15,22.15",525
193,194,PDY,839UD,COIMBATORE,PUDUCHERRY,404,ULTRA,1,21.3,501
194,195,PDY,841UD,COIMBATORE,PUDUCHERRY,388,ULTRA,1,20.3,882
195,196,PDY,842UD,COIMBATORE,PUDUCHERRY,396,ULTRA,1,21,397
196,197,CBE,636UD,COIMBATORE,RAMESWARAM,402,ULTRA,1,21.3,436
197,198,SHN,629UK,COIMBATORE,SANKARANKOIL,344,ULTRA,1,20.45,559
198,199,CBE,626EU,COIMBATORE,SATTAN KULAM,447,ULTRA,1,19.3,859
199,200,SHN,629UD,COIMBATORE,SHENCOTTAH,392,ULTRA,3,"06.45,20.15,21.15",842
200,201,TNVA,665UD,COIMBATORE,THYSAYANVILAI,468,ULTRA,1,18,239
201,202,TNVA,631UD,COIMBATORE,TIRUCHENDUR,408,ULTRA,1,22,758
202,203,TNVA,626UD,COIMBATORE,TIRUNELVELI,389,ULTRA,3,"21.00,21.30,22.30",436
203,204,CBE,962UD,COIMBATORE,TIRUPATHI,503,ULTRA,3,"18.30,19.30,20.15",535
204,205,TCN,625UD,COIMBATORE,TUTICORIN,370,ULTRA,1,21.3,558
205,206,CBE,632UD,COIMBATORE,UDANKUDI,428,ULTRA,1,19.15,983
206,207,CBE,724UD,COIMBATORE,VELANKANNI,384,ULTRA,1,21,359
207,208,CBE,460VU,COIMBATORE,VILLUPURAM,348,ULTRA,2,"11.00,22.15",480
208,209,MDU,875UD,CUMBAM,BANGALORE,503,ULTRA,1,19,557
209,210,CA,164UD,CUMBAM,CHENNAI,546,ULTRA,5,"18.00,18.30,19.00,19.30,20.00",555
210,211,PDY,136UD,DEVAKOTTAI,CHENNAI,444,ULTRA,1,20.15,220
211,212,CBE,603UD,DEVAKOTTAI,COIMBATORE,288,ULTRA,2,"08.00,21.00",627
212,213,DGL,435UD,DHARAPURAM,CHENNAI,463,ULTRA,1,19.3,357
213,214,CC,420AC,DHARMAPURI,CHENNAI,328,A/C,2,"09.00,22.00",193
214,215,DGL,875T,DINDIGUL,BANGALORE,387,ULTRA,1,20.3,483
215,216,DGL,132AC,DINDIGUL,CHENNAI,428,A/C,1,20.15,950
216,217,DGL,132UD,DINDIGUL,CHENNAI,428,ULTRA,4,"10.00,20.05,20.30,21.30",588
217,218,CB,791UD,ERNAKULAM,CHENNAI,712,ULTRA,1,14.3,716
218,219,MDU,726UD,ERNAKULAM,MADURAI,332,ULTRA,2,"08.16,20.31",389
219,220,PDY,790UD,ERNAKULAM,PUDUCHERRY,606,ULTRA,1,16,933
220,221,SLM,729UD,ERNAKULAM,SALEM,371,ULTRA,5,"06.30,07.30,19.00,19.45,20.30",750
221,222,SHN,730UD,ERNAKULAM,SHENCOTTAH,575,ULTRA,1,20,463
222,223,TNVA,736TU,ERNAKULAM,TIRUNELVELI,328,ULTRA,2,"07.45,21.00",173
223,224,TCN,736UD,ERNAKULAM,TUTICORIN,381,ULTRA,2,"06.30,20.00",229
224,225,NGP,770UD,ERNAKULAM,VELANKANNI,586,ULTRA,1,17,553
225,226,SLM,837UD,ERODE,BANGALORE,262,ULTRA,1,22.3,386
226,227,CB,430AC,ERODE,CHENNAI,427,A/C,1,21,518
227,228,CBE,430UD,ERODE,CHENNAI,407,ULTRA,1,21.3,248
228,229,MAR,668UD,ERODE,MARTHANDAM,486,ULTRA,1,19.3,593
229,230,TNVA,624UD,ERODE,UDANKUDI,456,ULTRA,1,20.3,260
230,231,CB,169UD,ERUVADI,CHENNAI,573,ULTRA,1,15,856
231,232,TNJ,126GU,GANDARVAKOTTAI,CHENNAI,417,ULTRA,1,20.45,281
232,233,CA,432UD,GOBI,CHENNAI,449,ULTRA,1,19.3,173
233,234,KKD,664EU,GUDALORE (OODY),KANYAKUMARI,632,ULTRA,1,13,109
234,235,CB,465UD,GUDALORE (OOTY),CHENNAI,616,ULTRA,1,13.3,983
235,236,CB,785UD,GURUVAYUR,CHENNAI,663,ULTRA,1,14,964
236,237,MDU,708UD,GURUVAYUR,MADURAI,309,ULTRA,2,"08.45,20.00",586
237,238,SLM,724UD,GURUVAYUR,SALEM,331,ULTRA,5,"07.00,08.30,10.00,20.30,22.00",589
238,239,TCN,739UD,GURUVAYUR,TUTICORIN,450,ULTRA,1,17,284
239,240,HSR,421UD,HOSUR,CHENNAI,318,ULTRA,11,"08.00,09.00,09.40,10.00,10.30, 11.00,11.30,12.00,13.00,14.00, 21.30",275
240,241,HSR,772UD,HOSUR,KOLLAM,690,ULTRA,1,16.3,552
241,242,SHN,646UD,HOSUR,SHENCOTTAH,591,ULTRA,1,17,375
242,243,CB,199UD,IDAYANKUDI,CHENNAI,705,ULTRA,1,16,250
243,244,TRY,121UD,ILUPPUR,CHENNAI,371,ULTRA,1,21,885
244,245,CC,834UD,KALPAKKAM,CHENNAI,89,ULTRA,2,"06.30,19.30",682
245,246,CBE,471UD,KALPAKKAM,COIMBATORE,485,ULTRA,1,18.3,118
246,247,KKD,848UD,KALPAKKAM,KANYAKUMARI,680,ULTRA,1,18,566
247,248,CB,175UD,KAMUDHI,CHENNAI,527,ULTRA,1,17.15,180
248,249,KKD,888UD,KANYAKUMARI,BANGALORE,720,ULTRA,2,"16.45,17.30",298
249,250,KKD,282UD,KANYAKUMARI,CHENNAI,718,ULTRA,5,"13.45,16.30,17.00,18.45,19.30",559
250,251,KKD,282TU,KANYAKUMARI,CHENNAI (TVTR),740,ULTRA,1,14.45,631
251,252,KKD,664EU,KANYAKUMARI,GUDALORE (OODY),632,ULTRA,1,16.15,853
252,253,KKD,848UD,KANYAKUMARI,KALPAKKAM,680,ULTRA,1,17,322
253,254,KKD,638UD,KANYAKUMARI,KODAIKANAL,387,ULTRA,1,20.15,759
254,255,KKD,663UD,KANYAKUMARI,OOTY,718,ULTRA,2,"15.00,18.30",928
255,256,KKD,664KU,KANYAKUMARI,OOTY,578,ULTRA,1,17.3,403
256,257,KKD,520UD,KANYAKUMARI,RAMESWARAM,321,ULTRA,2,"07.30,19.00",615
257,258,KKD,561UD,KANYAKUMARI,VELANKANNI,529,ULTRA,1,19.3,875
258,259,KKD,283UD,KANYAKUMARI,VELLORE,684,ULTRA,2,"14.00,15.00",792
259,260,SLM,857TU,KARAIKUDI,BANGALORE,449,ULTRA,1,20.3,889
260,261,KKDI,857UD,KARAIKUDI,BANGALORE,449,ULTRA,1,19.3,855
261,262,KKDI,133UD,KARAIKUDI,CHENNAI,428,ULTRA,7,"08.30,09.30,19.00,19.30,20.00, 20.45,21.00",980
262,263,KKDI,969UD,KARAIKUDI,TIRUPATHI,526,ULTRA,1,17.3,489
263,264,MAR,298UD,KARUNGAL,CHENNAI,727,ULTRA,1,14.5,854
264,265,SLM,840UD,KARUR,BANGALORE,311,ULTRA,1,22,240
265,266,CA,429AC,KARUR,CHENNAI,385,A/C,1,20.45,281
266,267,SLM,856UD,KARUR,TIRUPATHI,437,ULTRA,1,20.3,650
267,268,SLM,796UD,KARUR,TRIVANDRUM,459,ULTRA,1,20.3,692
268,269,TNVA,181UD,KAZHUGUMALAI,CHENNAI,582,ULTRA,1,19,983
269,270,PDY,144UD,KEERAMANGALAM,CHENNAI,429,ULTRA,1,20.3,535
270,271,CB,165UD,KEEZHAKARAI,CHENNAI,541,ULTRA,2,"17.00,18.00",350
271,272,DGL,876UD,KODAIKANAL,BANGALORE,484,ULTRA,1,17.3,754
272,273,DGL,461UD,KODAIKANAL,CHENNAI,525,ULTRA,1,18.3,260
273,274,KKD,638UD,KODAIKANAL,KANYAKUMARI,387,ULTRA,1,9,818
274,275,HSR,772UD,KOLLAM,HOSUR,690,ULTRA,1,15,170
275,276,SHN,777UD,KOLLAM,VELANKANNI,541,ULTRA,1,16.15,885
276,277,MAR,280UD,KOLLENCODE,CHENNAI,755,ULTRA,1,14.4,544
277,278,CC,781UD,KOTTARAKARA,CHENNAI,700,ULTRA,1,15,338
278,279,TRY,780UD,KOTTARAKARA,TRICHY,369,ULTRA,2,"08.00,20.30",453
279,280,TNVB,180TU,KOVILPATTI,CHENNAI,559,ULTRA,1,18.3,953
280,281,SLM,782UD,KOZHICODE,SALEM,362,ULTRA,1,19.3,848
281,282,SHN,784UD,KOZHICODE,SHENCOTTAH,560,ULTRA,1,19.3,114
282,283,TCN,743EU,KOZHICODE,TIRUCHENDUR,557,ULTRA,1,20,386
283,284,MAR,287UD,KULASEKARAM,CHENNAI,734,ULTRA,1,15.3,190
284,285,TCN,193TU,KULASEKARAPATTI,CHENNAI,667,ULTRA,1,17.3,147
285,286,TRY,126TU,KULATHUR,CHENNAI,362,ULTRA,1,19.3,730
286,287,KKM,843TU,KUMBAKONAM,BANGALORE,467,ULTRA,1,19.3,866
287,288,KKM,844UD,KUMBAKONAM,BANGALORE,438,ULTRA,2,"19.00,20.00",205
288,289,KKM,303UD,KUMBAKONAM,CHENNAI,307,ULTRA,18,"02.05,05.15,06.05,09.15,12.15, 13.05,13.45,14.30,15.15,18.05, 20.00,21.45,22.15,22.30,22.45, 23.01,23.15 ,23.50",549
289,290,KKM,307UD,KUMBAKONAM,CHENNAI,327,ULTRA,13,"06.15,08.45,10.30,11.30,12.30, 14.10,20.10,20.15,20.55,21.15, 21.50,22.05,22.20",913
290,291,KKM,851KU,KUMBAKONAM,TIRUPATHI,392,ULTRA,2,"07.00,19.45 ",940
291,292,MDU,875KU,KUMILI,BANGALORE,527,ULTRA,1,18.3,283
292,293,CB,172UD,KUMILI,CHENNAI,570,ULTRA,1,16.3,544
293,294,CB,189UD,KUTTAM,CHENNAI,706,ULTRA,1,15,216
294,295,CBE,662UD,KUTTAM,COIMBATORE,472,ULTRA,1,19,910
295,296,MDU,846UD,MADURAI,BANGALORE,461,ULTRA,4,"06.00,19.00,20.30,21.30",297
296,297,MDU,137AC,MADURAI,CHENNAI,459,A/C,3,"09.00,20.30,21.00",572
297,298,MDU,137UD,MADURAI,CHENNAI,459,ULTRA,35,"04.00,05.30,06.15,07.00,07.45, 08.30,09.15,10.00,10.45,11.30, 13.00,14.30,16.00,16.45,17.30, 18.15,18.30,19.00,19.15,19.45, 20.00,20.15,20.45,21.15,21.20, 21.30,21.45,21.50,22.00,22.15, 22.30,22.45,23.00,23.15,23.30",899
298,299,MDU,726UD,MADURAI,ERNAKULAM,332,ULTRA,2,"9.00,21.00",700
299,300,MDU,708UD,MADURAI,GURUVAYUR,309,ULTRA,2,"7.00,20.30",189
300,301,MDU,847UD,MADURAI,PUDUCHERRY,337,ULTRA,1,21.05,642
301,302,MDU,966TU,MADURAI,TIRUPATHI,522,ULTRA,1,16,318
302,303,MDU,966UD,MADURAI,TIRUPATHI,529,ULTRA,2,"18.40,20.00",739
303,304,PDY,148UD,MANALMELKUDI,CHENNAI,456,ULTRA,1,19,699
304,305,TRY,122UD,MANNACHANALLUR,CHENNAI,313,ULTRA,1,20.3,427
305,306,CA,322UD,MANNARKUDI,CHENNAI,346,ULTRA,2,"08.00,21.00",280
306,307,MAR,892UD,MARTHANDAM,BANGALORE,741,ULTRA,2,"13.30,19.30",330
307,308,MAR,284UD,MARTHANDAM,CHENNAI,728,ULTRA,8,"13.00,14.10,15.00,15.30,16.30, 16.40,17.30,18.00",194
308,309,MAR,296UD,MARTHANDAM,CHENNAI,739,ULTRA,1,14.2,778
309,310,MAR,664CU,MARTHANDAM,COIMBATORE,497,ULTRA,1,20,817
310,311,MAR,668UD,MARTHANDAM,ERODE,486,ULTRA,1,18,728
311,312,MAR,664MU,MARTHANDAM,OOTY,588,ULTRA,1,19,970
312,313,MAR,669UD,MARTHANDAM,OOTY,600,ULTRA,1,18.3,157
313,314,MAR,560CU,MARTHANDAM,VELANKANNI,557,ULTRA,1,18,625
314,315,MAR,560EU,MARTHANDAM,VELANKANNI,524,ULTRA,2,"16.45,18.30",992
315,316,MAR,297UD,MARTHANDAM,VELLORE,700,ULTRA,1,16,460
316,317,MAR,143UD,MARTHANDAM,VILLUPURAM,566,ULTRA,1,19,172
317,318,PDY,308UD,MAYILADUTHURAI,CHENNAI,287,ULTRA,1,20.3,210
318,319,KKDI,155UD,MEEMISAL-TONDI-,CHENNAI,479,ULTRA,1,18.3,780
319,320,MDU,147UD,MELUR,CHENNAI,430,ULTRA,1,21,123
320,321,CBE,462UD,METTUPALAYAM,CHENNAI,547,ULTRA,1,18.15,580
321,322,TNJ,843UD,MYLADUTHURAI,BANGALORE,427,ULTRA,1,20,451
322,323,PDY,304UD,MYLADUTHURAI,CHENNAI,287,ULTRA,4,"07.30,08.30,22.00,22.45",624
323,324,NGP,326UD,NAGAPATTINAM,CHENNAI,353,ULTRA,8,"07.00,08.30,09.15,09.45,11.30, 20.00,21.45,22.00",352
324,325,TNVA,529EU,NAGAPATTINAM,TIRUNELVELI,418,ULTRA,1,19,631
325,326,NGL,887UD,NAGERCOIL,BANGALORE,700,ULTRA,2,"16.30,19.30",325
326,327,NGL,198AC,NAGERCOIL,CHENNAI,698,A/C,1,18,391
327,328,NGL,198UD,NAGERCOIL,CHENNAI,698,ULTRA,16,"14.15,15.00,15.45,16.30,16.40, 17.00,17.16,17.30,17.45,18.00, 18.15,19.00,19.30,20.00,20.45, 21.15 ",865
328,329,NGL,664TU,NAGERCOIL,COIMBATORE,367,ULTRA,2,"19.15,21.15",955
329,330,NGL,664UD,NAGERCOIL,OOTY,558,ULTRA,3,"18.45,20.15,20.45",527
330,331,NGL,531UD,NAGERCOIL,PUDUCHERRY,625,ULTRA,1,17,397
331,332,NGL,995UD,NAGERCOIL,TIRUPATHI,761,ULTRA,1,12.45,815
332,333,NGL,125BU,NAGERCOIL,TRICHY(BHEL),384,ULTRA,1,22,290
333,334,NGL,564EU,NAGERCOIL,VELANKANNI,481,ULTRA,1,19.15,709
334,335,PDY,146UD,NAKUDI,CHENNAI,429,ULTRA,1,19.3,179
335,336,CA,425AC,NAMAKKAL,CHENNAI,396,A/C,1,21.15,521
336,337,MDU,135UD,NATHAM,CHENNAI,423,ULTRA,1,20,129
337,338,CB,468TU,OOTY,CHENNAI,601,ULTRA,1,17.45,165
338,339,CB,468UD,OOTY,CHENNAI,562,ULTRA,1,18.3,323
339,340,KKD,663UD,OOTY,KANYAKUMARI,718,ULTRA,2,"15.00,17.30",806
340,341,KKD,664KU,OOTY,KANYAKUMARI,578,ULTRA,1,16.3,478
341,342,MAR,664MU,OOTY,MARTHANDAM,588,ULTRA,1,15.15,439
342,343,NGL,664UD,OOTY,NAGERCOIL,558,ULTRA,3,"16.00,16.45,17.00",146
343,344,TNVA,666UD,OOTY,PAPANASAM-TNV,439,ULTRA,1,18.45,450
344,345,TRY,725UD,OOTY,TRICHY,315,ULTRA,1,7.3,274
345,346,TVM,783UD,OOTY,TRIVANDRUM,626,ULTRA,1,15,862
346,347,TCN,174UD,OPPILAN,CHENNAI,565,ULTRA,1,17,256
347,348,DGL,879TU,PALANI,BANGALORE,420,ULTRA,1,20,484
348,349,MDU,879UD,PALANI,BANGALORE,410,ULTRA,1,19.3,667
349,350,DGL,463UD,PALANI,CHENNAI,486,ULTRA,1,19,826
350,351,CB,466UD,PALANI,CHENNAI,486,ULTRA,1,19.3,386
351,352,CA,433UD,PALLAPATTI,CHENNAI,417,ULTRA,1,19.3,241
352,353,TNVB,190UD,PAPANASAM-TNV,CHENNAI,670,ULTRA,3,"17.10,18.00,19.30",863
353,354,TNVA,666UD,PAPANASAM-TNV,OOTY,439,ULTRA,1,18.15,261
354,355,CA,161UD,PARAMAKUDI,CHENNAI,510,ULTRA,2,"18.00,19.00",414
355,356,CC,789UD,PATHANAMTHITTA,CHENNAI,721,ULTRA,1,14,209
356,357,CA,332UD,PATTUKOTTAI,CHENNAI,381,ULTRA,3,"07.30,21.00,21.15",539
357,358,CC,853UD,PATTUKOTTAI,TIRUPATHI,444,ULTRA,1,18.3,661
358,359,SHN,176UD,PERAIYUR,CHENNAI,514,ULTRA,1,18.3,163
359,360,DGL,163AU,PERIYAKULAM,CHENNAI,491,ULTRA,1,19.3,439
360,361,CB,156UD,PERIYAPATTINAM,CHENNAI,540,ULTRA,1,17.45,208
361,362,CBE,854UD,POLLACHI,BANGALORE,397,ULTRA,1,19.3,811
362,363,CBE,464UD,POLLACHI,CHENNAI,541,ULTRA,1,19,508
363,364,PDY,140UD,PONNAMARAVATHY,CHENNAI,425,ULTRA,2,"19.30,20.00",753
364,365,PDY,622UD,PUDUCHERRY,BANGALORE,341,ULTRA,3,"09.30,22.05,22.30",493
365,366,PDY,623UD,PUDUCHERRY,BANGALORE,365,ULTRA,1,20,200
366,367,MDU,803UD,PUDUCHERRY,CHENNAI,173,ULTRA,21,"05.00,06.00,07.15,08.15,08.40, 11.00,14.00,14.30,15.00,15.15, 15.30,15.45,16.00,16.15,16.20, 16.30,16.45,16.50,17.00,17.15, 17.30 ",556
367,368,PDY,839UD,PUDUCHERRY,COIMBATORE,404,ULTRA,1,19.45,222
368,369,PDY,841UD,PUDUCHERRY,COIMBATORE,388,ULTRA,1,21,827
369,370,PDY,842UD,PUDUCHERRY,COIMBATORE,396,ULTRA,1,21.45,873
370,371,PDY,790UD,PUDUCHERRY,ERNAKULAM,606,ULTRA,1,17,174
371,372,MDU,847UD,PUDUCHERRY,MADURAI,337,ULTRA,1,21.31,933
372,373,NGL,531UD,PUDUCHERRY,NAGERCOIL,625,ULTRA,1,17.3,770
373,374,SHN,982UD,PUDUCHERRY,SHENCOTTAH,530,ULTRA,1,19,685
374,375,PDY,847EU,PUDUCHERRY,TIRUCHENDUR,523,ULTRA,1,17.4,254
375,376,TVM,686UD,PUDUCHERRY,TRIVANDRUM,659,ULTRA,1,16.3,663
376,377,KKDI,126UD,PUDUKKOTTAI,CHENNAI,382,ULTRA,1,21.15,399
377,378,CB,126AC,PUDUKOTTAI,CHENNAI,382,A/C,1,21.45,268
378,379,TRY,338UD,PULLAMBADI,CHENNAI,332,ULTRA,1,21.3,107
379,380,MDU,886UD,RAMESWARAM,BANGALORE,602,ULTRA,1,16.3,556
380,381,CB,159UD,RAMESWARAM,CHENNAI,582,ULTRA,1,16.3,476
381,382,CB,166AC,RAMESWARAM,CHENNAI,581,A/C,1,17,475
382,383,CB,166UD,RAMESWARAM,CHENNAI,581,ULTRA,1,16,305
383,384,CBE,636UD,RAMESWARAM,COIMBATORE,402,ULTRA,1,19,168
384,385,KKD,520UD,RAMESWARAM,KANYAKUMARI,321,ULTRA,2,"07.15,19.30",844
385,386,SLM,637UD,RAMESWARAM,SALEM,429,ULTRA,1,19,806
386,387,MDU,885UD,RAMNAD,BANGALORE,579,ULTRA,1,18.3,794
387,388,CB,158UD,RAMNAD,CHENNAI,523,ULTRA,1,18.15,200
388,389,SLM,837UD,SALEM,BANGALORE,208,ULTRA,1,13,596
389,390,SLM,838TU,SALEM,BANGALORE,208,ULTRA,1,15.3,699
390,391,SLM,840UD,SALEM,BANGALORE,208,ULTRA,1,14,619
391,392,SLM,857TU,SALEM,BANGALORE,208,ULTRA,1,15.15,631
392,393,SLM,422AC,SALEM,CHENNAI,341,A/C,2,"13.00,23.00",277
393,394,SLM,422UD,SALEM,CHENNAI,341,ULTRA,20,"07.30,08.30,09.00,10.30,11.00, 11.20,12.00,12.30,14.30,15.00, 19.00,19.45,20.30,20.35,21.15, 21.45,22.15,22.30,23.00,23.15",416
394,395,SLM,729UD,SALEM,ERNAKULAM,371,ULTRA,5,"06.00,07.00,19.30,21.30,22.30",444
395,396,SLM,724UD,SALEM,GURUVAYUR,331,ULTRA,5,"09.00,10.10,18.30,20.30,23.00",814
396,397,SLM,782UD,SALEM,KOZHICODE,362,ULTRA,1,22,164
397,398,SLM,637UD,SALEM,RAMESWARAM,429,ULTRA,1,21,379
398,399,SLM,633UD,SALEM,TIRUCHENDUR,435,ULTRA,1,21.3,551
399,400,TNVA,628UD,SALEM,TIRUNELVELI,416,ULTRA,1,22,692
400,401,SLM,849UD,SALEM,TIRUPATHI,334,ULTRA,5,"09.30,20.30,21.00,21.30,22.00",160
401,402,TNVB,882UD,SANKARANKOIL,BANGALORE,590,ULTRA,1,17,307
402,403,TNVB,187UD,SANKARANKOIL,CHENNAI,577,ULTRA,2,"16.15,18.30",170
403,404,SHN,629UK,SANKARANKOIL,COIMBATORE,344,ULTRA,1,20,325
404,405,TNVA,199TU,SATTAN KULAM,CHENNAI,680,ULTRA,1,17,792
405,406,CBE,626EU,SATTAN KULAM,COIMBATORE,447,ULTRA,1,18.3,519
406,407,TCN,167UD,SAYALKUDI,CHENNAI,561,ULTRA,1,17,298
407,408,SHN,881UD,SHENCOTTAH,BANGALORE,633,ULTRA,1,17,130
408,409,SHN,184UD,SHENCOTTAH,CHENNAI,631,ULTRA,7,"14.45,15.45,17.00,18.00,18.30, 19.30,20.45",747
409,410,SHN,294UD,SHENCOTTAH,CHENNAI,631,ULTRA,1,20,224
410,411,SHN,184RU,SHENCOTTAH,CHENNAI (AVADI),649,ULTRA,1,14.15,301
411,412,SHN,629UD,SHENCOTTAH,COIMBATORE,392,ULTRA,3,"09.30,20.30,21.30",210
412,413,SHN,730UD,SHENCOTTAH,ERNAKULAM,575,ULTRA,1,15,819
413,414,SHN,646UD,SHENCOTTAH,HOSUR,591,ULTRA,1,18.3,159
414,415,SHN,784UD,SHENCOTTAH,KOZHICODE,560,ULTRA,1,14,331
415,416,SHN,982UD,SHENCOTTAH,PUDUCHERRY,530,ULTRA,1,16,489
416,417,SHN,990UD,SHENCOTTAH,TIRUPATHI,700,ULTRA,1,12,628
417,418,CC,162AC,SIVAGANGAI,CHENNAI,463,A/C,1,19.15,227
418,419,CC,162UD,SIVAGANGAI,CHENNAI,463,ULTRA,1,20,946
419,420,SHN,185UD,SIVAKASI,CHENNAI,537,ULTRA,1,18.3,762
420,421,TRY,828UD,SRIRANGAM,BANGALORE,352,ULTRA,1,20.45,943
421,422,TRY,123CL,SRIRANGAM,CHENNAI,331,ULTRA,2,"09.00,22.00",622
422,423,TRY,852UD,SRIRANGAM,TIRUPATHI,407,ULTRA,1,19.5,452
423,424,TRY,766UD,SRIRANGAM,TRIVANDRUM,447,ULTRA,1,20.3,869
424,425,SHN,186UD,SRIVILLIPUTHUR,CHENNAI,537,ULTRA,1,20,726
425,426,CC,831TU,TAMBARAM,BANGALORE,351,ULTRA,1,20.15,328
426,427,TNJ,855UD,THANJAVUR,BANGALORE,412,ULTRA,2,"19.30,20.00",703
427,428,CC,323AC,THANJAVUR,CHENNAI,391,A/C,2,"09.00 ,22.00",901
428,429,TNJ,323UD,THANJAVUR,CHENNAI,351,ULTRA,18,"05.30,06.30,07.30,08.30,09.15, 10.30,11.30,12.30,20.00,20.30, 20.45,21.00,21.15,21.30,21.55, 22.30,22.45,23.00",565
429,430,TNJ,851TU,THANJAVUR,TIRUPATHI,448,ULTRA,1,16.3,801
430,431,TNJ,851UD,THANJAVUR,TIRUPATHI,420,ULTRA,1,20,427
431,432,CC,160AC,THENI,CHENNAI,546,A/C,1,19.45,227
432,433,DGL,160UD,THENI,CHENNAI,507,ULTRA,2,"17.45,18.30",306
433,434,TNVB,194UD,THYSAYANVILAI,CHENNAI,682,ULTRA,1,16.5,802
434,435,TNVA,665UD,THYSAYANVILAI,COIMBATORE,468,ULTRA,1,18.3,554
435,436,TNVA,871UD,TIRUCHENDUR,BANGALORE,643,ULTRA,1,18,281
436,437,TCN,191UD,TIRUCHENDUR,CHENNAI,641,ULTRA,6,"15.00,15.45,16.45,17.15,18.30, 20.00",556
437,438,TCN,191TU,TIRUCHENDUR,CHENNAI (TVTR),676,ULTRA,1,16.45,507
438,439,TNVA,631UD,TIRUCHENDUR,COIMBATORE,408,ULTRA,1,21,537
439,440,TCN,743EU,TIRUCHENDUR,KOZHICODE,557,ULTRA,1,15.15,732
440,441,PDY,847EU,TIRUCHENDUR,PUDUCHERRY,523,ULTRA,1,16.4,565
441,442,SLM,633UD,TIRUCHENDUR,SALEM,435,ULTRA,1,19,139
442,443,TCN,981UD,TIRUCHENDUR,TIRUPATHI,752,ULTRA,1,13.3,918
443,444,MDU,179UD,TIRUMANGALAM,CHENNAI,483,ULTRA,1,19.3,573
444,445,KKDI,134UD,TIRUMAYAM,CHENNAI,403,ULTRA,1,20.45,268
445,446,KKM,865UD,TIRUNALLAR,BANGALORE,516,ULTRA,1,16.35,851
446,447,CB,330UD,TIRUNALLAR,CHENNAI,310,ULTRA,2,"07.45,21.45",690
447,448,TNVB,870UD,TIRUNELVELI,BANGALORE,624,ULTRA,1,18.45,304
448,449,TNVA,874UD,TIRUNELVELI,BANGALORE,624,ULTRA,3,"16.00,18.00,19.15",407
449,450,TNVB,180AC,TIRUNELVELI,CHENNAI,622,A/C,1,19,779
450,451,TNVB,180UD,TIRUNELVELI,CHENNAI,622,ULTRA,12,"15.30,16.05,16.30,17.00,17.30, 18.05,18.15,19.00,20.05,20.30, 21.00,21.30",388
451,452,TNVA,182AC,TIRUNELVELI,CHENNAI,622,A/C,1,17.3,728
452,453,TNVA,182UD,TIRUNELVELI,CHENNAI,622,ULTRA,1,16,607
453,454,TNVA,626UD,TIRUNELVELI,COIMBATORE,389,ULTRA,3,"20.00,21.00,21.55",391
454,455,TNVA,736TU,TIRUNELVELI,ERNAKULAM,328,ULTRA,2,"07.30,20.05",969
455,456,TNVA,529EU,TIRUNELVELI,NAGAPATTINAM,418,ULTRA,1,18.45,452
456,457,TNVA,628UD,TIRUNELVELI,SALEM,416,ULTRA,1,21.15,231
457,458,TNVA,983UD,TIRUNELVELI,TIRUPATHI,692,ULTRA,1,15.15,946
458,459,TNVB,984UD,TIRUNELVELI,TIRUPATHI,626,ULTRA,1,16.3,311
459,460,TNVA,143TU,TIRUNELVELI,TIRUVANMIYUR,629,ULTRA,1,17.45,406
460,461,CC,965UD,TIRUPATHI,AVUDAIARKOIL,494,ULTRA,1,20.3,199
461,462,CC,911UD,TIRUPATHI,CHENNAI,160,ULTRA,4,"06.00,07.00,15.30,16.00",846
462,463,CBE,962UD,TIRUPATHI,COIMBATORE,503,ULTRA,3,"18.30,19.30,20.45",718
463,464,KKDI,969UD,TIRUPATHI,KARAIKUDI,526,ULTRA,1,21,132
464,465,SLM,856UD,TIRUPATHI,KARUR,437,ULTRA,1,21.15,793
465,466,KKM,851KU,TIRUPATHI,KUMBAKONAM,392,ULTRA,2,"07.00,18.40",527
466,467,MDU,966TU,TIRUPATHI,MADURAI,522,ULTRA,1,19.45,832
467,468,MDU,966UD,TIRUPATHI,MADURAI,529,ULTRA,2,"19.11,20.00",654
468,469,NGL,995UD,TIRUPATHI,NAGERCOIL,761,ULTRA,1,14.3,328
469,470,CC,853UD,TIRUPATHI,PATTUKOTTAI,444,ULTRA,1,21.15,221
470,471,SLM,849UD,TIRUPATHI,SALEM,334,ULTRA,5,"06.30,08.30,09.30,10.00,22.00",950
471,472,SHN,990UD,TIRUPATHI,SHENCOTTAH,700,ULTRA,1,15.3,513
472,473,TRY,852UD,TIRUPATHI,SRIRANGAM,407,ULTRA,1,7.3,889
473,474,TNJ,851TU,TIRUPATHI,THANJAVUR,448,ULTRA,1,20.3,305
474,475,TNJ,851UD,TIRUPATHI,THANJAVUR,420,ULTRA,1,19.45,178
475,476,TCN,981UD,TIRUPATHI,TIRUCHENDUR,752,ULTRA,1,17,866
476,477,TNVA,983UD,TIRUPATHI,TIRUNELVELI,692,ULTRA,1,17.3,395
477,478,TNVB,984UD,TIRUPATHI,TIRUNELVELI,626,ULTRA,1,18.3,180
478,479,SLM,835TU,TIRUPATHI,TIRUPPUR,460,ULTRA,1,20.16,179
479,480,MDU,970UD,TIRUPATHI,TIRUTHANGAL,602,ULTRA,1,18,814
480,481,TRY,850UD,TIRUPATHI,TRICHY,407,ULTRA,5,"05.30,08.45,09.30,18.30,21.45",185
481,482,KKDI,138UD,TIRUPATHURRMD,CHENNAI,437,ULTRA,1,19.3,501
482,483,CB,470AC,TIRUPPUR,CHENNAI,467,A/C,1,21,352
483,484,CB,470UD,TIRUPPUR,CHENNAI,467,ULTRA,2,"20.30,21.45",259
484,485,MAR,669UD,TIRUPPUR,MARTHANDAM,451,ULTRA,1,21.3,364
485,486,SLM,835TU,TIRUPPUR,TIRUPATHI,460,ULTRA,1,18.3,885
486,487,MDU,970UD,TIRUTHANGAL,TIRUPATHI,602,ULTRA,1,18.15,472
487,488,CA,340UD,TIRUTHURAIPOOND,CHENNAI,356,ULTRA,2,"08.30,20.30",993
488,489,TNVA,143TU,TIRUVANMIYUR,TIRUNELVELI,629,ULTRA,1,19,633
489,490,CA,325AC,TIRUVARUR,CHENNAI,327,A/C,2,"08.15,21.30",285
490,491,TRY,827UD,TRICHY,BANGALORE,352,ULTRA,17,"07.00,08.00,09.00,09.30,10.00, 11.00,11.30,12.00,13.00,13.30, 20.00,21.00,21.30,22.00,22.15, 22.45,23.00",802
491,492,TRY,123AC,TRICHY,CHENNAI,331,A/C,4,"13.00,14.00,22.30,23.00",784
492,493,TRY,123UD,TRICHY,CHENNAI,331,ULTRA,29,"06.00,07.00,08.00,09.00,09.15, 09.30,09.45,10.00,10.15,10.30, 11.55,12.30,13.00,13.30,14.00, 14.30,15.00,16.00,18.00,20.00, 21.00,21.25,21.45,22.00,22.15, 22.30,22.45,23.00,23.15",659
493,494,TRY,780UD,TRICHY,KOTTARAKARA,369,ULTRA,2,"08.45,20.45",102
494,495,TRY,725UD,TRICHY,OOTY,315,ULTRA,1,22.15,852
495,496,TRY,850UD,TRICHY,TIRUPATHI,407,ULTRA,5,"08.00,09.00,19.00,20.30,21.30",697
496,497,TRY,767UD,TRICHY,TRIVANDRUM,437,ULTRA,3,"09.30,19.30,22.30",847
497,498,TRY,123UD,TRICHY (SRR),CHENNAI,331,ULTRA,1,21.01,226
498,499,NGL,125BU,TRICHY(BHEL),NAGERCOIL,384,ULTRA,1,20,814
499,500,TRY,827BU,TRICHY-BHEL,BANGALORE,369,ULTRA,1,20,272
500,501,TRY,827UD,TRICHY-BHEL,BANGALORE,352,ULTRA,1,6,908
501,502,CC,787UD,TRISSUR,CHENNAI,629,ULTRA,1,16.3,738
502,503,TVM,687UD,TRIVANDRUM,BANGALORE,770,ULTRA,1,15,365
503,504,TVM,794UD,TRIVANDRUM,CHENNAI,768,ULTRA,11,"10.30,11.30,12.30,13.45,14.45, 15.45,16.30,17.15,18.15,19.30, 20.00 ",734
504,505,SLM,796UD,TRIVANDRUM,KARUR,459,ULTRA,1,19.15,832
505,506,TVM,783UD,TRIVANDRUM,OOTY,626,ULTRA,1,15.45,929
506,507,TVM,686UD,TRIVANDRUM,PUDUCHERRY,659,ULTRA,1,13.15,788
507,508,TRY,766UD,TRIVANDRUM,SRIRANGAM,447,ULTRA,1,20.3,868
508,509,TRY,767UD,TRIVANDRUM,TRICHY,437,ULTRA,3,"08.00,21.30,22.30",736
509,510,TVM,771EU,TRIVANDRUM,VELANKANNI,564,ULTRA,1,17.3,702
510,511,TVM,771UD,TRIVANDRUM,VELANKANNI,579,ULTRA,1,15.45,559
511,512,TVM,795UD,TRIVANDRUM,VELLORE,740,ULTRA,1,15.15,892
512,513,TCN,872UD,TUTICORIN,BANGALORE,603,ULTRA,1,18,362
513,514,TCN,702UD,TUTICORIN,CHENGANACHERRY,265,ULTRA,2,"08.30,20.00",483
514,515,TCN,166TU,TUTICORIN,CHENNAI,690,ULTRA,1,14.45,292
515,516,TCN,170AC,TUTICORIN,CHENNAI,601,A/C,1,19,619
516,517,TCN,170UD,TUTICORIN,CHENNAI,601,ULTRA,8,"15.30,16.00,18.00,19.30,20.15, 20.45,21.45,22.15",795
517,518,TCN,171UD,TUTICORIN,CHENNAI,606,ULTRA,2,"18.00,19.15",397
518,519,TCN,625UD,TUTICORIN,COIMBATORE,370,ULTRA,1,21.3,766
519,520,TCN,736UD,TUTICORIN,ERNAKULAM,381,ULTRA,2,"07.30,19.00",218
520,521,TCN,739UD,TUTICORIN,GURUVAYUR,450,ULTRA,1,17,172
521,522,TCN,527UD,TUTICORIN,VELANKANNI,412,ULTRA,1,19,233
522,523,TCN,168UD,TUTICORIN,VELLORE,566,ULTRA,1,16,800
523,524,CBE,632UD,UDANKUDI,COIMBATORE,428,ULTRA,1,17.2,353
524,525,TNVA,624UD,UDANKUDI,ERODE,456,ULTRA,1,17.15,747
525,526,CB,469UD,UDUMALPET,CHENNAI,522,ULTRA,1,19.3,722
526,527,MDU,157UD,USILAMPATTI,CHENNAI,505,ULTRA,2,"18.00,19.00",362
527,528,NGP,335UD,VEDARANYAM,CHENNAI,374,ULTRA,6,"07.45,08.15,09.00,20.15,20.45, 21.15",130
528,529,DGL,151UD,VEDASANDUR,CHENNAI,446,ULTRA,1,19.3,106
529,530,NGP,864UD,VELANKANNI,BANGALORE,514,ULTRA,4,"17.15,18.05,19.00,19.45",274
530,531,NGP,324AC,VELANKANNI,CHENNAI,338,A/C,2,"11.00,22.00",878
531,532,NGP,324UD,VELANKANNI,CHENNAI,338,ULTRA,18,"05.00,06.00,07.30,08.45,09.30, 10.00,10.15,10.30,11.00,12.30, 19.30,20.00,20.30,20.45,21.00, 21.15,21.30,22.15",592
532,533,PDY,324TU,VELANKANNI,CHENNAI (TVTR),360,ULTRA,1,20,935
533,534,CBE,724UD,VELANKANNI,COIMBATORE,384,ULTRA,1,20,619
534,535,NGP,770UD,VELANKANNI,ERNAKULAM,586,ULTRA,1,16.3,589
535,536,KKD,561UD,VELANKANNI,KANYAKUMARI,529,ULTRA,1,20,262
536,537,SHN,777UD,VELANKANNI,KOLLAM,541,ULTRA,1,16.15,610
537,538,MAR,560CU,VELANKANNI,MARTHANDAM,557,ULTRA,1,17.3,226
538,539,MAR,560EU,VELANKANNI,MARTHANDAM,524,ULTRA,2,"17.00,18.00",422
539,540,NGL,564EU,VELANKANNI,NAGERCOIL,481,ULTRA,1,18.45,498
540,541,TVM,771EU,VELANKANNI,TRIVANDRUM,564,ULTRA,1,16.35,610
541,542,TVM,771UD,VELANKANNI,TRIVANDRUM,579,ULTRA,1,16,289
542,543,TCN,527UD,VELANKANNI,TUTICORIN,412,ULTRA,1,21,451
543,544,KKD,283UD,VELLORE,KANYAKUMARI,684,ULTRA,2,"15.00,18.00",673
544,545,MAR,297UD,VELLORE,MARTHANDAM,700,ULTRA,1,17,154
545,546,TVM,795UD,VELLORE,TRIVANDRUM,740,ULTRA,1,16,675
546,547,TCN,168UD,VELLORE,TUTICORIN,566,ULTRA,1,18.45,369
547,548,CBE,460VU,VILLUPURAM,COIMBATORE,348,ULTRA,2,"08.30 ,21.30",607
548,549,MAR,143UD,VILLUPURAM,MARTHANDAM,566,ULTRA,1,20,282
